i,staid,lon,lat,x_proj,y_proj
0,05527800,-87.926466,42.489187,658738.457658375,2193615.7585309264
1,05527900,-88.009167,42.465833,652226.0370435921,2190443.844847196
2,05527905,-88.024722,42.448056,651125.9880873122,2188356.763788299
3,05527950,-87.969167,42.415278,655960.1702490709,2185087.162266756
4,05528500,-87.957294,42.151692,659419.1392387106,2155799.6965515474
5,05529500,-87.912846,42.095305,663590.6757475007,2149825.144461612
6,05531000,-88.010349,42.050583,656029.1398923934,2144163.7924634
7,05531500,-87.900616,41.825864,667157.654461306,2119878.3584848056
8,05536995,-88.059783,41.640864,655805.2269608106,2098143.3106402117
9,05537980,-88.0825,41.53639,654906.2591610869,2086335.3188366436
10,05539900,-88.178961,41.910862,643500.9480416691,2127435.1118421964
11,05540060,-88.203889,41.856389,641953.925284744,2121192.773085
12,05540091,-88.18278,41.83528,643882.2377932088,2118981.8217847566
13,05540095,-88.173402,41.822529,644770.2933986394,2117623.5971128093
14,05540130,-88.131944,41.720556,649121.4858982526,2106534.7998681627
15,05540160,-88.047778,41.831667,655010.0179937754,2119501.576154844
16,05540195,-88.068889,41.801944,653552.4147970715,2116042.2521776366
17,05540250,-88.070556,41.718056,654197.6312224034,2106676.9415911087
18,05527910,-88.000556,42.444167,653130.8647139011,2188089.33652828
19,05528000,-87.938409,42.344189,659139.88396302,2177380.0611862997
20,05529000,-87.890345,42.081972,665559.619621744,2148496.60733879
21,05530000,-87.918123,42.049473,663594.1722729834,2144680.4053612817
22,05530990,-88.016738,42.060305,655414.531398608,2145203.324417228
23,05531300,-87.959231,41.886141,661771.0844817339,2126188.060574065
24,05532000,-87.869228,41.881698,669202.9978021288,2126323.0643686024
25,05532500,-87.820891,41.822254,673743.2874029663,2120038.402624356
26,05533000,-87.896447,41.738921,668328.7549029093,2110214.8867524117
27,05533400,-87.963115,41.707809,663137.6302513527,2106279.039258224
28,05537500,-87.999225,41.642531,660779.4287664604,2098748.6895413348
29,05539000,-88.073391,41.515031,655857.129008167,2084015.9351375015
30,05540275,-88.163611,41.725833,646466.2276965735,2106907.4058434954
31,05540500,-88.192562,41.522253,645952.8193445466,2084005.2353721736
